{"inputUnits":[63],"outputUnits":2,"inputs":{"0":{"dtype":"number","min":361.8704841282669,"max":481.11645536032836},"1":{"dtype":"number","min":216.53449469374098,"max":355.54909669229835},"2":{"dtype":"number","min":-0.0017426162958145142,"max":0.014826305210590363},"3":{"dtype":"number","min":370.6145441919807,"max":493.43820290522973},"4":{"dtype":"number","min":195.46650473803686,"max":367.9632950732466},"5":{"dtype":"number","min":-27.86928367614746,"max":30.93964385986328},"6":{"dtype":"number","min":376.0426365326854,"max":518.2167095484663},"7":{"dtype":"number","min":174.9440310373188,"max":366.2653161501088},"8":{"dtype":"number","min":-45.617740631103516,"max":40.44525909423828},"9":{"dtype":"number","min":373.77372277013774,"max":543.1379097261736},"10":{"dtype":"number","min":167.7216554147727,"max":360.7073476286146},"11":{"dtype":"number","min":-57.91056823730469,"max":42.894752502441406},"12":{"dtype":"number","min":374.78723638516675,"max":567.571007935601},"13":{"dtype":"number","min":151.3052561943124,"max":348.3863731138568},"14":{"dtype":"number","min":-69.7325210571289,"max":43.66385269165039},"15":{"dtype":"number","min":409.680683057806,"max":520.6007025459139},"16":{"dtype":"number","min":153.68906611745874,"max":344.52985373827113},"17":{"dtype":"number","min":-46.0476188659668,"max":21.03601837158203},"18":{"dtype":"number","min":435.3309000193894,"max":539.0195417551992},"19":{"dtype":"number","min":119.99710889769909,"max":330.95359423484615},"20":{"dtype":"number","min":-60.9962158203125,"max":24.467227935791016},"21":{"dtype":"number","min":447.008013685358,"max":555.7801622318227},"22":{"dtype":"number","min":96.02082224855077,"max":319.7897284359042},"23":{"dtype":"number","min":-71.80658721923828,"max":29.28145408630371},"24":{"dtype":"number","min":450.9700379297411,"max":579.0633590097574},"25":{"dtype":"number","min":78.79425299441105,"max":307.9706541025786},"26":{"dtype":"number","min":-79.36186981201172,"max":32.560020446777344},"27":{"dtype":"number","min":411.1422066869123,"max":528.6384054561397},"28":{"dtype":"number","min":156.15080384130923,"max":327.4608432112579},"29":{"dtype":"number","min":-39.99489974975586,"max":18.34134864807129},"30":{"dtype":"number","min":439.293733168158,"max":560.6758194993708},"31":{"dtype":"number","min":142.51611830035907,"max":301.2044474863219},"32":{"dtype":"number","min":-55.54289245605469,"max":13.886813163757324},"33":{"dtype":"number","min":439.0286643865334,"max":562.8816858430284},"34":{"dtype":"number","min":124.65525295240104,"max":296.4894765706186},"35":{"dtype":"number","min":-68.10765075683594,"max":16.784955978393555},"36":{"dtype":"number","min":437.4815300519698,"max":569.1587684792338},"37":{"dtype":"number","min":111.60424300049365,"max":297.9831783252041},"38":{"dtype":"number","min":-78.41329193115234,"max":22.52358627319336},"39":{"dtype":"number","min":408.08538688880844,"max":537.7575792899169},"40":{"dtype":"number","min":164.5641203185337,"max":322.507882949},"41":{"dtype":"number","min":-36.57322311401367,"max":16.744169235229492},"42":{"dtype":"number","min":408.35096378465647,"max":571.2972444747355},"43":{"dtype":"number","min":163.64895912693154,"max":305.28067428245134},"44":{"dtype":"number","min":-53.709686279296875,"max":12.901946067810059},"45":{"dtype":"number","min":394.6483704646904,"max":574.2720886969652},"46":{"dtype":"number","min":177.5580614788285,"max":318.5147098530499},"47":{"dtype":"number","min":-60.4922981262207,"max":8.73129653930664},"48":{"dtype":"number","min":382.759170870329,"max":581.5020659155964},"49":{"dtype":"number","min":182.96035031425086,"max":323.01891349406094},"50":{"dtype":"number","min":-66.80740356445312,"max":12.955167770385742},"51":{"dtype":"number","min":389.21031421358305,"max":544.3571871247855},"52":{"dtype":"number","min":167.43972083048772,"max":323.6752682833521},"53":{"dtype":"number","min":-39.29616928100586,"max":18.648042678833008},"54":{"dtype":"number","min":384.6276585930285,"max":570.2584712837006},"55":{"dtype":"number","min":166.41354576597112,"max":321.35512386157995},"56":{"dtype":"number","min":-52.974002838134766,"max":19.333587646484375},"57":{"dtype":"number","min":374.5230369518422,"max":575.7854997972864},"58":{"dtype":"number","min":170.51749679073583,"max":330.55902328254496},"59":{"dtype":"number","min":-55.18947219848633,"max":19.4932861328125},"60":{"dtype":"number","min":362.2583609705346,"max":582.7656547845223},"61":{"dtype":"number","min":166.2244478884905,"max":333.8377517430429},"62":{"dtype":"number","min":-55.20918273925781,"max":21.636638641357422}},"outputs":{"label":{"dtype":"string","min":0,"max":1,"uniqueValues":["A","B"],"legend":{"A":[1,0],"B":[0,1]}}},"isNormalized":true}