{"inputUnits":[63],"outputUnits":2,"inputs":{"0":{"dtype":"number","min":157.3151168566849,"max":536.4098463124225},"1":{"dtype":"number","min":161.4946887933461,"max":362.1701417504943},"2":{"dtype":"number","min":-0.0018135011196136475,"max":0.005039706826210022},"3":{"dtype":"number","min":118.92651207969716,"max":470.66949134659035},"4":{"dtype":"number","min":168.03504537068434,"max":336.0442622240113},"5":{"dtype":"number","min":-36.48035430908203,"max":19.062997817993164},"6":{"dtype":"number","min":94.71247805486831,"max":419.7872603367251},"7":{"dtype":"number","min":162.04809824621398,"max":286.2827396218368},"8":{"dtype":"number","min":-67.92430114746094,"max":30.101789474487305},"9":{"dtype":"number","min":82.95789251832832,"max":402.267669628437},"10":{"dtype":"number","min":143.8199291443004,"max":249.43554847791398},"11":{"dtype":"number","min":-91.74726104736328,"max":31.5808048248291},"12":{"dtype":"number","min":72.03460181276512,"max":413.1542513748227},"13":{"dtype":"number","min":114.53665908065786,"max":232.8517800855208},"14":{"dtype":"number","min":-114.89344787597656,"max":28.727373123168945},"15":{"dtype":"number","min":109.45646656865149,"max":460.28165932770065},"16":{"dtype":"number","min":119.73785164602936,"max":211.3738130256453},"17":{"dtype":"number","min":-90.17961883544922,"max":49.1286735534668},"18":{"dtype":"number","min":90.26964938051691,"max":442.640293662003},"19":{"dtype":"number","min":114.69518839114576,"max":169.82455556105148},"20":{"dtype":"number","min":-128.4580078125,"max":30.279382705688477},"21":{"dtype":"number","min":89.74804326351563,"max":446.2378633159768},"22":{"dtype":"number","min":84.97359078753209,"max":199.4002299967629},"23":{"dtype":"number","min":-126.78852844238281,"max":16.377914428710938},"24":{"dtype":"number","min":100.20503303776519,"max":457.821117223128},"25":{"dtype":"number","min":63.93976402129546,"max":210.5676302575972},"26":{"dtype":"number","min":-118.66392517089844,"max":15.787160873413086},"27":{"dtype":"number","min":129.59627874554693,"max":499.8886143300148},"28":{"dtype":"number","min":112.13950049047318,"max":198.90241121677758},"29":{"dtype":"number","min":-87.65115356445312,"max":35.17158508300781},"30":{"dtype":"number","min":101.7719549297887,"max":488.57320268332705},"31":{"dtype":"number","min":95.98251398068494,"max":179.23246572069715},"32":{"dtype":"number","min":-128.4903564453125,"max":18.514514923095703},"33":{"dtype":"number","min":105.17583448294702,"max":482.39984281021606},"34":{"dtype":"number","min":68.19409616687514,"max":210.86386448932967},"35":{"dtype":"number","min":-124.70779418945312,"max":6.109087944030762},"36":{"dtype":"number","min":121.49873769781968,"max":493.5573194282322},"37":{"dtype":"number","min":39.530213462266374,"max":218.6890362568167},"38":{"dtype":"number","min":-125.76251220703125,"max":8.296611785888672},"39":{"dtype":"number","min":152.83399564523518,"max":540.6128129827783},"40":{"dtype":"number","min":112.36300514562643,"max":198.0865531322695},"41":{"dtype":"number","min":-86.46067810058594,"max":18.314653396606445},"42":{"dtype":"number","min":118.20550135085276,"max":537.8181272400874},"43":{"dtype":"number","min":105.21239716016746,"max":186.4785809784174},"44":{"dtype":"number","min":-117.69780731201172,"max":3.3064396381378174},"45":{"dtype":"number","min":122.49983552956326,"max":534.3101904209966},"46":{"dtype":"number","min":76.52754473255733,"max":211.33040214696607},"47":{"dtype":"number","min":-103.86677551269531,"max":-3.253746747970581},"48":{"dtype":"number","min":143.36414938484114,"max":527.9581933055558},"49":{"dtype":"number","min":43.59238025334233,"max":224.44567400517997},"50":{"dtype":"number","min":-112.14647674560547,"max":0.6461044549942017},"51":{"dtype":"number","min":175.82491129169966,"max":578.423155937527},"52":{"dtype":"number","min":119.33532369521882,"max":210.06724926851544},"53":{"dtype":"number","min":-89.11788177490234,"max":4.030492782592773},"54":{"dtype":"number","min":143.05844453915176,"max":581.102836236567},"55":{"dtype":"number","min":114.76562083958436,"max":180.740104317792},"56":{"dtype":"number","min":-107.58670043945312,"max":-10.091880798339844},"57":{"dtype":"number","min":140.8882157315151,"max":580.7284166869476},"58":{"dtype":"number","min":83.5642897099078,"max":209.58468797814038},"59":{"dtype":"number","min":-104.96836853027344,"max":-9.589128494262695},"60":{"dtype":"number","min":160.9569332347515,"max":576.217084220558},"61":{"dtype":"number","min":54.4429741558632,"max":224.16883328348226},"62":{"dtype":"number","min":-107.80050659179688,"max":-3.182583808898926}},"outputs":{"label":{"dtype":"string","min":0,"max":1,"uniqueValues":["A","B"],"legend":{"A":[1,0],"B":[0,1]}}},"isNormalized":true}